phc_id,drug_name,batch_id,quantity,expiry_date
PHC_01,antimalarial,PHC_01-AM-B1,56,2025-02-02
PHC_01,antimalarial,PHC_01-AM-B2,129,2025-04-30
PHC_01,antimalarial,PHC_01-AM-B3,3,2025-09-01
PHC_01,antimalarial,PHC_01-AM-B4,8,2025-10-27
PHC_01,respiratory,PHC_01-RS-B1,818,2025-03-03
PHC_01,respiratory,PHC_01-RS-B2,122,2025-05-15
PHC_01,respiratory,PHC_01-RS-B3,143,2025-08-05
PHC_01,respiratory,PHC_01-RS-B4,43,2025-11-02
PHC_02,antimalarial,PHC_02-AM-B1,30,2025-03-21
PHC_02,antimalarial,PHC_02-AM-B2,122,2025-06-03
PHC_02,antimalarial,PHC_02-AM-B3,255,2025-08-20
PHC_02,antimalarial,PHC_02-AM-B4,1,2025-10-09
PHC_02,respiratory,PHC_02-RS-B1,132,2025-03-12
PHC_02,respiratory,PHC_02-RS-B2,430,2025-05-28
PHC_02,respiratory,PHC_02-RS-B3,266,2025-10-21
PHC_03,antimalarial,PHC_03-AM-B1,93,2025-01-31
PHC_03,antimalarial,PHC_03-AM-B2,133,2025-05-11
PHC_03,antimalarial,PHC_03-AM-B3,10,2025-09-11
PHC_03,antimalarial,PHC_03-AM-B4,93,2025-11-04
PHC_03,respiratory,PHC_03-RS-B1,159,2025-03-12
PHC_03,respiratory,PHC_03-RS-B2,827,2025-06-06
PHC_03,respiratory,PHC_03-RS-B3,477,2025-08-08
PHC_03,respiratory,PHC_03-RS-B4,100,2025-12-06
PHC_04,antimalarial,PHC_04-AM-B1,199,2025-04-01
PHC_04,antimalarial,PHC_04-AM-B2,27,2025-06-08
PHC_04,antimalarial,PHC_04-AM-B3,81,2025-07-22
PHC_04,antimalarial,PHC_04-AM-B4,70,2025-11-28
PHC_04,respiratory,PHC_04-RS-B1,57,2025-03-14
PHC_04,respiratory,PHC_04-RS-B2,255,2025-05-15
PHC_04,respiratory,PHC_04-RS-B3,10,2025-07-18
PHC_04,respiratory,PHC_04-RS-B4,307,2025-11-07
PHC_05,antimalarial,PHC_05-AM-B1,53,2025-03-23
PHC_05,antimalarial,PHC_05-AM-B2,33,2025-05-17
PHC_05,antimalarial,PHC_05-AM-B3,266,2025-07-22
PHC_05,antimalarial,PHC_05-AM-B4,444,2025-11-05
PHC_05,respiratory,PHC_05-RS-B1,25,2025-04-16
PHC_05,respiratory,PHC_05-RS-B2,87,2025-07-14
PHC_05,respiratory,PHC_05-RS-B3,188,2025-09-28
PHC_05,respiratory,PHC_05-RS-B4,309,2025-12-25
PHC_06,antimalarial,PHC_06-AM-B1,435,2025-05-19
PHC_06,antimalarial,PHC_06-AM-B2,377,2025-06-12
PHC_06,antimalarial,PHC_06-AM-B3,652,2025-11-05
PHC_06,respiratory,PHC_06-RS-B1,255,2025-03-27
PHC_06,respiratory,PHC_06-RS-B2,777,2025-06-17
PHC_06,respiratory,PHC_06-RS-B3,196,2025-07-26
PHC_06,respiratory,PHC_06-RS-B4,179,2025-12-03
PHC_07,antimalarial,PHC_07-AM-B1,7,2025-02-01
PHC_07,antimalarial,PHC_07-AM-B2,235,2025-08-07
PHC_07,antimalarial,PHC_07-AM-B3,1181,2025-10-30
PHC_07,respiratory,PHC_07-RS-B1,756,2025-03-23
PHC_07,respiratory,PHC_07-RS-B2,120,2025-06-08
PHC_07,respiratory,PHC_07-RS-B3,187,2025-09-10
PHC_07,respiratory,PHC_07-RS-B4,199,2025-11-11
PHC_08,antimalarial,PHC_08-AM-B1,90,2025-03-15
PHC_08,antimalarial,PHC_08-AM-B2,667,2025-08-21
PHC_08,antimalarial,PHC_08-AM-B3,163,2025-12-20
PHC_08,respiratory,PHC_08-RS-B1,300,2025-01-30
PHC_08,respiratory,PHC_08-RS-B2,43,2025-08-05
PHC_08,respiratory,PHC_08-RS-B3,1287,2025-12-15
PHC_09,antimalarial,PHC_09-AM-B1,57,2025-03-20
PHC_09,antimalarial,PHC_09-AM-B2,41,2025-09-02
PHC_09,antimalarial,PHC_09-AM-B3,268,2025-11-21
PHC_09,respiratory,PHC_09-RS-B1,130,2025-03-15
PHC_09,respiratory,PHC_09-RS-B2,116,2025-06-15
PHC_09,respiratory,PHC_09-RS-B3,425,2025-09-29
PHC_09,respiratory,PHC_09-RS-B4,49,2025-10-18
PHC_10,antimalarial,PHC_10-AM-B1,14,2025-02-27
PHC_10,antimalarial,PHC_10-AM-B2,118,2025-05-19
PHC_10,antimalarial,PHC_10-AM-B3,35,2025-09-28
PHC_10,antimalarial,PHC_10-AM-B4,3,2025-12-21
PHC_10,respiratory,PHC_10-RS-B1,442,2025-02-25
PHC_10,respiratory,PHC_10-RS-B2,14,2025-07-03
PHC_10,respiratory,PHC_10-RS-B3,402,2025-11-04
PHC_11,antimalarial,PHC_11-AM-B1,4,2025-04-05
PHC_11,antimalarial,PHC_11-AM-B2,219,2025-09-06
PHC_11,antimalarial,PHC_11-AM-B3,117,2025-10-11
PHC_11,respiratory,PHC_11-RS-B1,683,2025-02-03
PHC_11,respiratory,PHC_11-RS-B2,255,2025-06-02
PHC_11,respiratory,PHC_11-RS-B3,642,2025-09-30
PHC_12,antimalarial,PHC_12-AM-B1,24,2025-04-15
PHC_12,antimalarial,PHC_12-AM-B2,219,2025-07-05
PHC_12,antimalarial,PHC_12-AM-B3,31,2025-08-27
PHC_12,antimalarial,PHC_12-AM-B4,65,2025-12-26
PHC_12,respiratory,PHC_12-RS-B1,683,2025-03-13
PHC_12,respiratory,PHC_12-RS-B2,344,2025-09-09
PHC_12,respiratory,PHC_12-RS-B3,93,2025-10-19
PHC_13,antimalarial,PHC_13-AM-B1,204,2025-04-05
PHC_13,antimalarial,PHC_13-AM-B2,259,2025-06-02
PHC_13,antimalarial,PHC_13-AM-B3,264,2025-07-25
PHC_13,antimalarial,PHC_13-AM-B4,40,2025-12-16
PHC_13,respiratory,PHC_13-RS-B1,833,2025-02-24
PHC_13,respiratory,PHC_13-RS-B2,832,2025-06-17
PHC_13,respiratory,PHC_13-RS-B3,102,2025-12-27
PHC_14,antimalarial,PHC_14-AM-B1,648,2025-02-11
PHC_14,antimalarial,PHC_14-AM-B2,185,2025-05-11
PHC_14,antimalarial,PHC_14-AM-B3,114,2025-07-23
PHC_14,antimalarial,PHC_14-AM-B4,479,2025-11-15
PHC_14,respiratory,PHC_14-RS-B1,92,2025-03-09
PHC_14,respiratory,PHC_14-RS-B2,135,2025-05-23
PHC_14,respiratory,PHC_14-RS-B3,1616,2025-09-17
PHC_14,respiratory,PHC_14-RS-B4,32,2025-12-29
PHC_15,antimalarial,PHC_15-AM-B1,85,2025-03-19
PHC_15,antimalarial,PHC_15-AM-B2,241,2025-07-06
PHC_15,antimalarial,PHC_15-AM-B3,62,2025-09-30
PHC_15,antimalarial,PHC_15-AM-B4,931,2025-11-29
PHC_15,respiratory,PHC_15-RS-B1,393,2025-03-14
PHC_15,respiratory,PHC_15-RS-B2,255,2025-06-26
PHC_15,respiratory,PHC_15-RS-B3,200,2025-10-04
PHC_15,respiratory,PHC_15-RS-B4,127,2025-12-08
PHC_16,antimalarial,PHC_16-AM-B1,660,2025-05-11
PHC_16,antimalarial,PHC_16-AM-B2,244,2025-07-20
PHC_16,antimalarial,PHC_16-AM-B3,9,2025-11-17
PHC_16,respiratory,PHC_16-RS-B1,47,2025-02-17
PHC_16,respiratory,PHC_16-RS-B2,679,2025-06-17
PHC_16,respiratory,PHC_16-RS-B3,312,2025-08-19
PHC_16,respiratory,PHC_16-RS-B4,67,2025-11-05
PHC_17,antimalarial,PHC_17-AM-B1,32,2025-04-22
PHC_17,antimalarial,PHC_17-AM-B2,200,2025-07-14
PHC_17,antimalarial,PHC_17-AM-B3,65,2025-11-11
PHC_17,respiratory,PHC_17-RS-B1,630,2025-03-15
PHC_17,respiratory,PHC_17-RS-B2,387,2025-06-12
PHC_17,respiratory,PHC_17-RS-B3,43,2025-09-18
PHC_17,respiratory,PHC_17-RS-B4,257,2025-11-25
PHC_18,antimalarial,PHC_18-AM-B1,40,2025-02-20
PHC_18,antimalarial,PHC_18-AM-B2,133,2025-06-19
PHC_18,antimalarial,PHC_18-AM-B3,111,2025-09-29
PHC_18,antimalarial,PHC_18-AM-B4,26,2025-11-03
PHC_18,respiratory,PHC_18-RS-B1,319,2025-04-06
PHC_18,respiratory,PHC_18-RS-B2,535,2025-06-09
PHC_18,respiratory,PHC_18-RS-B3,147,2025-07-21
PHC_18,respiratory,PHC_18-RS-B4,298,2025-10-11
PHC_19,antimalarial,PHC_19-AM-B1,182,2025-03-20
PHC_19,antimalarial,PHC_19-AM-B2,73,2025-05-25
PHC_19,antimalarial,PHC_19-AM-B3,94,2025-10-09
PHC_19,respiratory,PHC_19-RS-B1,650,2025-05-01
PHC_19,respiratory,PHC_19-RS-B2,97,2025-06-03
PHC_19,respiratory,PHC_19-RS-B3,459,2025-12-15
PHC_20,antimalarial,PHC_20-AM-B1,84,2025-03-08
PHC_20,antimalarial,PHC_20-AM-B2,62,2025-06-10
PHC_20,antimalarial,PHC_20-AM-B3,35,2025-09-22
PHC_20,respiratory,PHC_20-RS-B1,366,2025-05-18
PHC_20,respiratory,PHC_20-RS-B2,1042,2025-06-13
PHC_20,respiratory,PHC_20-RS-B3,28,2025-09-10
